<?xml version="1.0"?>
<doc>
    <assembly>
        <name>ECommerce.Api.Orders</name>
    </assembly>
    <members>
        <member name="M:ECommerce.Api.Orders.Controllers.OrdersController.GetOrdersAsync(System.Int32)">
            <summary>
            Get order by the provided customer id.
            </summary>
            <param name="customerId">The customer id of the order to get.</param>
            <returns>An IActionResult</returns>
            <response code="200">Returns the requested order.</response>
        </member>
    </members>
</doc>
