<?xml version="1.0"?>
<doc>
    <assembly>
        <name>ECommerce.Api.Products</name>
    </assembly>
    <members>
        <member name="M:ECommerce.Api.Products.Controllers.ProductsController.GetProductsAsync">
            <summary>
            Gets all the products in the database.
            </summary>
            <returns>An IActionResult.</returns>
            <response code="200">Returns the requested products.</response>
        </member>
        <member name="M:ECommerce.Api.Products.Controllers.ProductsController.GetProductAsync(System.Int32)">
            <summary>
            Get product by the provided id.
            </summary>
            <param name="id">The product id to get.</param>
            <returns>An IActionResult.</returns>
            <response code="200">Returns the requested product.</response>
        </member>
    </members>
</doc>
